[
 {
  	"model" : "home.sector",
  	"pk" : 1,
  	"fields" : {
	  	"nombre" : "Uis",
	  	"descripcion" : "Primaria y preescolar"
  	}
 },
 {
  	"model" : "home.sector",
  	"pk" : 2,
  	"fields" : {
	  	"nombre" : "Profesional",
	  	"descripcion" : "Licenciaturas"
  	}
 },
 {
  	"model" : "home.sector",
  	"pk" : 3,
  	"fields" :{
	  	"nombre" : "P. ejecutivos",
	  	"descripcion" : "Programas ejecutivos (sabatinos)"
  	}
 },
 {
  	"model" : "home.sector",
  	"pk": 4,
  	"fields" : {
	  	"nombre" : "Maestrias",
	  	"descripcion" : ""
  	}
 },
 {
 	"model" : "home.sector",
 	"pk" : 5,
 	"fields" : {
 		"nombre" : "Universidad Virtual",
 		"descripcion" : ""
 	}
 },
 {
 	"model" : "home.sector",
 	"pk" : 6,
 	"fields" : {
 		"nombre" : "Doctorados",
 		"descripcion" : ""
 	}
 },
 {
 	"model" : "home.sector",
 	"pk" : 7,
 	"fields" : {
 		"nombre" : "UNI Servicios Licenciaturas",
 		"descripcion" : ""
 	}
 },
 {
 	"model" : "home.area",
 	"pk" : 1,
 	"fields" : {
 		"nombre" : "Kinder",
 		"descripcion" : "",
 		"sector" : 1
  	}
 },
 {
 	"model" : "home.area",
 	"pk" : 2,
 	"fields" : {
 		"nombre" : "Primaria",
 		"descripcion" : "",
 		"sector" : 1
  	}
 },
 {
 	"model" : "home.area",
 	"pk" : 3,
 	"fields" : {
 		"nombre" : "Secundaria",
 		"descripcion" : "",
 		"sector" : 1
  	}
 },
 {
 	"model" : "home.area",
 	"pk" : 4,
 	"fields" : {
 		"nombre" : "Preparatoria",
 		"descripcion" : "",
 		"sector" : 1
  	}
 },
 {
 	"model" : "home.area",
 	"pk" : 5,
 	"fields" : {
 		"nombre" : "IDIOC",
 		"descripcion" : "",
 		"sector" : 1
  	}
 },
 {
 	"model" : "home.area",
 	"pk" : 6,
 	"fields" : {
 		"nombre" : "ARQ",
 		"descripcion" : "",
 		"sector" : 2
  	}
 },
 {
 	"model" : "home.area",
 	"pk" : 7,
 	"fields" : {
 		"nombre" : "DER",
 		"descripcion" : "",
 		"sector" : 2
  	}
 },
 {
 	"model" : "home.area",
 	"pk" : 8,
 	"fields" : {
 		"nombre" : "LCC",
 		"descripcion" : "",
 		"sector" : 2
  	}
 },
 {
 	"model" : "home.area",
 	"pk" : 9,
 	"fields" : {
 		"nombre" : "LDD",
 		"descripcion" : "",
 		"sector" : 2
  	}
 },
 {
 	"model" : "home.area",
 	"pk" : 10,
 	"fields" : {
 		"nombre" : "MKT",
 		"descripcion" : "",
 		"sector" : 2
  	}
 },
 {
 	"model" : "home.area",
 	"pk" : 11,
 	"fields" : {
 		"nombre" : "LAE",
 		"descripcion" : "",
 		"sector" : 2
  	}
 },
 {
 	"model" : "home.area",
 	"pk" : 12,
 	"fields" : {
 		"nombre" : "LCI",
 		"descripcion" : "",
 		"sector" : 2
  	}
 },
 {
 	"model" : "home.area",
 	"pk" : 13,
 	"fields" : {
 		"nombre" : "FLI",
 		"descripcion" : "",
 		"sector" : 2
  	}
 },
 {
 	"model" : "home.area",
 	"pk" : 14,
 	"fields" : {
 		"nombre" : "IIA",
 		"descripcion" : "",
 		"sector" : 2
  	}
 },
 {
 	"model" : "home.area",
 	"pk" : 15,
 	"fields" : {
 		"nombre" : "LID",
 		"descripcion" : "",
 		"sector" : 2
  	}
 },
 {
 	"model" : "home.area",
 	"pk" : 16,
 	"fields" : {
 		"nombre" : "MEDIC",
 		"descripcion" : "",
 		"sector" : 2
  	}
 },
 {
 	"model" : "home.area",
 	"pk" : 17,
 	"fields" : {
 		"nombre" : "PSIC",
 		"descripcion" : "",
 		"sector" : 2
  	}
 },
 {
 	"model" : "home.area",
 	"pk" : 18,
 	"fields" : {
 		"nombre" : "LT",
 		"descripcion" : "",
 		"sector" : 2
  	}
 },
 {
 	"model" : "home.area",
 	"pk" : 19,
 	"fields" : {
 		"nombre" : "LN",
 		"descripcion" : "",
 		"sector" : 2
  	}
 },
 {
 	"model" : "home.area",
 	"pk" : 20,
 	"fields" : {
 		"nombre" : "LG",
 		"descripcion" : "",
 		"sector" : 2
  	}
 },
 {
 	"model" : "home.area",
 	"pk" : 21,
 	"fields" : {
 		"nombre" : "LIB",
 		"descripcion" : "",
 		"sector" : 2
  	}
 },
 {
 	"model" : "home.area",
 	"pk" : 22,
 	"fields" : {
 		"nombre" : "FNI",
 		"descripcion" : "",
 		"sector" : 3
  	}
 },
 {
 	"model" : "home.area",
 	"pk" : 23,
 	"fields" : {
 		"nombre" : "IIAM",
 		"descripcion" : "",
 		"sector" : 3
  	}
 },
 {
 	"model" : "home.area",
 	"pk" : 24,
 	"fields" : {
 		"nombre" : "FPH",
 		"descripcion" : "",
 		"sector" : 3
  	}
 },
 {
 	"model" : "home.area",
 	"pk" : 25,
 	"fields" : {
 		"nombre" : "MDH",
 		"descripcion" : "",
 		"sector" : 4
  	}
 },
 {
 	"model" : "home.area",
 	"pk" : 26,
 	"fields" : {
 		"nombre" : "FML",
 		"descripcion" : "",
 		"sector" : 4
  	}
 },
 {
 	"model" : "home.area",
 	"pk" : 27,
 	"fields" : {
 		"nombre" : "MAE",
 		"descripcion" : "",
 		"sector" : 4
  	}
 },
 {
 	"model" : "home.area",
 	"pk" : 28,
 	"fields" : {
 		"nombre" : "IASE",
 		"descripcion" : "",
 		"sector" : 4
  	}
 },
 {
 	"model" : "home.area",
 	"pk" : 29,
 	"fields" : {
 		"nombre" : "MIC",
 		"descripcion" : "",
 		"sector" : 4
  	}
 },
 {
 	"model" : "home.area",
 	"pk" : 30,
 	"fields" : {
 		"nombre" : "W-MCL",
 		"descripcion" : "",
 		"sector" : 5
  	}
 },
 {
 	"model" : "home.area",
 	"pk" : 31,
 	"fields" : {
 		"nombre" : "W-MTI",
 		"descripcion" : "",
 		"sector" : 5
  	}
 },
 {
 	"model" : "home.area",
 	"pk" : 32,
 	"fields" : {
 		"nombre" : "W-MEM",
 		"descripcion" : "",
 		"sector" : 5
  	}
 },
 {
 	"model" : "home.area",
 	"pk" : 33,
 	"fields" : {
 		"nombre" : "DA",
 		"descripcion" : "",
 		"sector" : 6
  	}
 },
 {
 	"model" : "home.area",
 	"pk" : 34,
 	"fields" : {
 		"nombre" : "DDH",
 		"descripcion" : "",
 		"sector" : 6
  	}
 },
 {
 	"model" : "home.indicador",
 	"pk" : 1,
 	"fields" : {
 		"nombre" : "7. Tasa de eficiencia terminal por generación y área (%)",
 		"meta" : 80.0,
 		"i_s"  : "7",
 		"menor_igual" : "False"
 	}
 },
 {
 	"model" : "home.indicador",
 	"pk" : 2,
 	"fields" : {
 		"nombre" : "18. % de Titulados a 1 año de haber egresado",
 		"meta" : 80,
 		"i_s"  : "18",
 		"menor_igual" : "False"
 	}
 },
 {
 	"model" : "home.indicador",
 	"pk" : 3,
 	"fields" : {
 		"nombre" : "23. Promedio de egresados con trabajo a 1 año de haber egresado (%)",
 		"meta" : 80,
 		"i_s"  : "23",
 		"menor_igual" : "False"
 	}
 },
 {
 	"model" : "home.indicador",
 	"pk" : 4,
 	"fields" : {
 		"nombre" : "27. % Egresados de licenciatura que emprenden su negocio a un año de haber egresado",
 		"meta" : 30,
 		"i_s"  : "27",
 		"menor_igual" : "False"
 	}
 },
 {
 	"model" : "home.indicador",
 	"pk" : 5,
 	"fields" : {
 		"nombre" : "30. Evaluación de empleadores a los egresados de licenciatura",
 		"meta" : 9,
 		"i_s"  : "30",
 		"menor_igual" : "False"
 	}
 },
 {
  "model" : "home.indicador",
  "pk" : 6,
  "fields" : {
    "nombre" : "2. Tasa de deserción (%)",
    "meta" : 5,
    "i_s"  : "2",
    "menor_igual" : "True"
  }
 },
 {
  "model" : "home.indicador",
  "pk" : 7,
  "fields" : {
    "nombre" : "35. Efectividad del programa de tutorías (%)",
    "meta" : 80,
    "i_s"  : "35",
    "menor_igual" : "False"
  }
 },
 {
  "model" : "home.indicador",
  "pk" : 8,
  "fields" : {
    "nombre" : "73i.% alumnos con TOEIC aprobado al concluir sus estudios",
    "meta" : 80,
    "i_s"  : "73i",
    "menor_igual" : "False"
  }
 },
 {
  "model" : "home.indicador",
  "pk" : 9,
  "fields" : {
    "nombre" : "81. Autoevaluación competencias (importancia)",
    "meta" : 9,
    "i_s"  : "81",
    "menor_igual" : "False"
  }
 },
 {
  "model" : "home.indicador",
  "pk" : 10,
  "fields" : {
    "nombre" : "82. Autoevaluación competencias (desempeño)",
    "meta" : 9,
    "i_s"  : "82",
    "menor_igual" : "False"
  }
 },
 {
  "model" : "home.indicador",
  "pk" : 11,
  "fields" : {
    "nombre" : "80. Nivel académico del área, percibido por los alumnos.",
    "meta" : 9,
    "i_s"  : "80",
    "menor_igual" : "True"
  }
 },
 {
  "model" : "home.indicador",
  "pk" : 12,
  "fields" : {
    "nombre" : "3. Promedio del Sistema de evaluación docente (SED)",
    "meta" : 85,
    "i_s"  : "3",
    "menor_igual" : "False"
  }
 },
 {
  "model" : "home.indicador",
  "pk" : 13,
  "fields" : {
    "nombre" : "8. Promedio de evaluación . MTX (Docente y Servicios)",
    "meta" : 9,
    "i_s"  : "8",
    "menor_igual" : "False"
  }
 },
 {
  "model" : "home.indicador",
  "pk" : 14,
  "fields" : {
    "nombre" : "4. Efectividad de la mejora del desempeño docente",
    "meta" : 0,
    "i_s"  : "4",
    "menor_igual" : "False"
  }
 },
 {
  "model" : "home.indicador",
  "pk" : 15,
  "fields" : {
    "nombre" : "(10-11).Porcentaje de HORAS -CURSO impartidas con docentes por grado superior al nivel donde enseña",
    "meta" : 60,
    "i_s"  : "10",
    "menor_igual" : "False"
  }
 },
 {
  "model" : "home.indicador",
  "pk" : 16,
  "fields" : {
    "nombre" : "(13) Porcentaje de profesores con experiencia docente universitaria de 5 años o más",
    "meta" : 9,
    "i_s"  : "13",
    "menor_igual" : "True"
  }
 },
 {
  "model" : "home.indicador",
  "pk" : 17,
  "fields" : {
    "nombre" : "(84) Porcentaje de profesores con experiencia laboral de 5 años o más",
    "meta" : 60,
    "i_s"  : "84",
    "menor_igual" : "False"
  }
 },
 {
  "model" : "home.indicador",
  "pk" : 18,
  "fields" : {
    "nombre" : "(19) Porcentaje de materias impartidas por profesores de tiempo completo",
    "meta" : 40,
    "i_s"  : "19",
    "menor_igual" : "False"
  }
 },
 {
  "model" : "home.indicador",
  "pk" : 19,
  "fields" : {
    "nombre" : "6. RVOES actualizados de acuerdo con el procedimiento y política institucional",
    "meta" : 1,
    "i_s"  : "6",
    "menor_igual" : "False"
  }
 },
 {
  "model" : "home.indicador",
  "pk" : 20,
  "fields" : {
    "nombre" : "74.% Alumnos con nivel satisfactorio CENEVAL) o ENLACE",
    "meta" : 60,
    "i_s"  : "74",
    "menor_igual" : "False"
  }
 },
 {
  "model" : "home.indicador",
  "pk" : 21,
  "fields" : {
    "nombre" : "75. Programas acreditados o certificados por instancias externas",
    "meta" : 1,
    "i_s"  : "75",
    "menor_igual" : "True"
  }
 },
 {
  "model" : "home.indicador",
  "pk" : 22,
  "fields" : {
    "nombre" : "i22. Porcentaje de participación por área en la Encuesta",
    "meta" : 80,
    "i_s"  : "i22",
    "menor_igual" : "False"
  }
 },
 {
  "model" : "home.indicador",
  "pk" : 23,
  "fields" : {
    "nombre" : "57.Utilidad neta institucional y por programas",
    "meta" : 0,
    "i_s"  : "57",
    "menor_igual" : "False"
  }
 },
 {
  "model" : "home.indicador",
  "pk" : 24,
  "fields" : {
    "nombre" : "53. % de proyectos alcanzados",
    "meta" : 80,
    "i_s"  : "53",
    "menor_igual" : "False"
  }
 },
 {
  "model" : "home.indicador",
  "pk" : 25,
  "fields" : {
    "nombre" : "50. Evaluación de pares de los clientes internos",
    "meta" : 9,
    "i_s"  : "50",
    "menor_igual" : "False"
  }
 },
 {
  "model" : "home.indicador",
  "pk" : 26,
  "fields" : {
    "nombre" : "(60) porcentaje de cumplimiento en la entrega de Indicadores de Gestión",
    "meta" : 95,
    "i_s"  : "60",
    "menor_igual" : "True"
  }
 },
 {
  "model" : "home.indicador",
  "pk" : 27,
  "fields" : {
    "nombre" : "(69) Porcentaje de 'promotores netos'",
    "meta" : 75,
    "i_s"  : "69",
    "menor_igual" : "False"
  }
 },
 {
  "model" : "home.indicador",
  "pk" : 28,
  "fields" : {
    "nombre" : "70. % de Becas",
    "meta" : 17,
    "i_s"  : "70",
    "menor_igual" : "True"
  }
 },
 {
  "model" : "home.indicador",
  "pk" : 29,
  "fields" : {
    "nombre" : "33. % de alumnos en programas de internacionalización por áreas",
    "meta" : 10,
    "i_s"  : "33",
    "menor_igual" : "False"
  }
 },
 {
  "model" : "home.indicador",
  "pk" : 30,
  "fields" : {
    "nombre" : "88. Evaluación promedio en la satisfacción de los eventos de extensión universitaria",
    "meta" : 9,
    "i_s"  : "88",
    "menor_igual" : "False"
  }
 },
 {
  "model" : "home.indicador",
  "pk" : 31,
  "fields" : {
    "nombre" : "14. No. de publicaciones en la institución (al menos 1 por área)",
    "meta" : 1,
    "i_s"  : "14",
    "menor_igual" : "False"
  }
 },
 {
  "model" : "home.indicador_area",
  "pk" : 1,
  "fields" : {
    "indicador" : 1,
    "area" : 1,
    "valor" : 0
  }
 },
 {
  "model" : "home.indicador_area",
  "pk" : 2,
  "fields" : {
    "indicador" : 1,
    "area" : 2,
    "valor" : 0
  }
 },
 {
  "model" : "home.indicador_area",
  "pk" : 3,
  "fields" : {
    "indicador" : 1,
    "area" : 3,
    "valor" : 0
  }
 },
 {
  "model" : "home.indicador_area",
  "pk" : 4,
  "fields" : {
    "indicador" : 1,
    "area" : 4,
    "valor" : 0
  }
 },
 {
  "model" : "home.indicador_area",
  "pk" : 5,
  "fields" : {
    "indicador" : 1,
    "area" : 6,
    "valor" : 0
  }
 },
 {
  "model" : "home.indicador_area",
  "pk" : 6,
  "fields" : {
    "indicador" : 1,
    "area" : 7,
    "valor" : 0
  }
 },
 {
  "model" : "home.indicador_area",
  "pk" : 7,
  "fields" : {
    "indicador" : 1,
    "area" : 8,
    "valor" : 0
  }
 },
 {
  "model" : "home.indicador_area",
  "pk" : 8,
  "fields" : {
    "indicador" : 1,
    "area" : 10,
    "valor" : 0
  }
 },
 {
  "model" : "home.indicador_area",
  "pk" : 9,
  "fields" : {
    "indicador" : 1,
    "area" : 11,
    "valor" : 0
  }
 },
 {
  "model" : "home.indicador_area",
  "pk" : 10,
  "fields" : {
    "indicador" : 1,
    "area" : 12,
    "valor" : 0
  }
 },
 {
  "model" : "home.indicador_area",
  "pk" : 11,
  "fields" : {
    "indicador" : 1,
    "area" : 13,
    "valor" : 0
  }
 },
 {
  "model" : "home.indicador_area",
  "pk" : 12,
  "fields" : {
    "indicador" : 1,
    "area" : 14,
    "valor" : 0
  }
 },
 {
  "model" : "home.indicador_area",
  "pk" : 13,
  "fields" : {
    "indicador" : 1,
    "area" : 15,
    "valor" : 0
  }
 },
 {
  "model" : "home.indicador_area",
  "pk" : 14,
  "fields" : {
    "indicador" : 1,
    "area" : 16,
    "valor" : 0
  }
 },
 {
  "model" : "home.indicador_area",
  "pk" : 15,
  "fields" : {
    "indicador" : 1,
    "area" : 17,
    "valor" : 0
  }
 },
 {
  "model" : "home.indicador_area",
  "pk" : 16,
  "fields" : {
    "indicador" : 1,
    "area" : 18,
    "valor" : 0
  }
 },
 {
  "model" : "home.indicador_area",
  "pk" : 17,
  "fields" : {
    "indicador" : 1,
    "area" : 22,
    "valor" : 0
  }
 },
 {
  "model" : "home.indicador_area",
  "pk" : 18,
  "fields" : {
    "indicador" : 1,
    "area" : 23,
    "valor" : 0
  }
 },
 {
  "model" : "home.indicador_area",
  "pk" : 19,
  "fields" : {
    "indicador" : 1,
    "area" : 25,
    "valor" : 0
  }
 },
 {
  "model" : "home.indicador_area",
  "pk" : 20,
  "fields" : {
    "indicador" : 1,
    "area" : 26,
    "valor" : 0
  }
 },
 {
  "model" : "home.indicador_area",
  "pk" : 21,
  "fields" : {
    "indicador" : 1,
    "area" : 27,
    "valor" : 0
  }
 },
 {
  "model" : "home.indicador_area",
  "pk" : 22,
  "fields" : {
    "indicador" : 1,
    "area" : 29,
    "valor" : 0
  }
 },
 {
  "model" : "home.indicador_area",
  "pk" : 23,
  "fields" : {
    "indicador" : 1,
    "area" : 30,
    "valor" : 0
  }
 },
 {
  "model" : "home.indicador_area",
  "pk" : 24,
  "fields" : {
    "indicador" : 1,
    "area" : 31,
    "valor" : 0
  }
 },
 {
  "model" : "home.indicador_area",
  "pk" : 25,
  "fields" : {
    "indicador" : 1,
    "area" : 32,
    "valor" : 0
  }
 },
 {
  "model" : "home.indicador_area",
  "pk" : 26,
  "fields" : {
    "indicador" : 1,
    "area" : 33,
    "valor" : 0
  }
 },
 {
  "model" : "home.indicador_area",
  "pk" : 27,
  "fields" : {
    "indicador" : 2,
    "area" : 6,
    "valor" : 0
  }
 },
 {
  "model" : "home.indicador_area",
  "pk" : 28,
  "fields" : {
    "indicador" : 2,
    "area" : 7,
    "valor" : 0
  }
 },
 {
  "model" : "home.indicador_area",
  "pk" : 29,
  "fields" : {
    "indicador" : 2,
    "area" : 8,
    "valor" : 0
  }
 },
 {
  "model" : "home.indicador_area",
  "pk" : 30,
  "fields" : {
    "indicador" : 2,
    "area" : 10,
    "valor" : 0
  }
 },
 {
  "model" : "home.indicador_area",
  "pk" : 31,
  "fields" : {
    "indicador" : 2,
    "area" : 11,
    "valor" : 0
  }
 },
 {
  "model" : "home.indicador_area",
  "pk" : 32,
  "fields" : {
    "indicador" : 2,
    "area" : 12,
    "valor" : 0
  }
 },
 {
  "model" : "home.indicador_area",
  "pk" : 33,
  "fields" : {
    "indicador" : 2,
    "area" : 14,
    "valor" : 0
  }
 },
 {
  "model" : "home.indicador_area",
  "pk" : 34,
  "fields" : {
    "indicador" : 2,
    "area" : 15,
    "valor" : 0
  }
 },
 {
  "model" : "home.indicador_area",
  "pk" : 35,
  "fields" : {
    "indicador" : 2,
    "area" : 17,
    "valor" : 0
  }
 },
 {
  "model" : "home.indicador_area",
  "pk" : 36,
  "fields" : {
    "indicador" : 2,
    "area" : 18,
    "valor" : 0
  }
 },
 {
  "model" : "home.indicador_area",
  "pk" : 37,
  "fields" : {
    "indicador" : 2,
    "area" : 22,
    "valor" : 0
  }
 },
 {
  "model" : "home.indicador_area",
  "pk" : 38,
  "fields" : {
    "indicador" : 2,
    "area" : 23,
    "valor" : 0
  }
 },
 {
  "model" : "home.indicador_area",
  "pk" : 39,
  "fields" : {
    "indicador" : 2,
    "area" : 25,
    "valor" : 0
  }
 },
 {
  "model" : "home.indicador_area",
  "pk" : 40,
  "fields" : {
    "indicador" : 2,
    "area" : 26,
    "valor" : 0
  }
 },
 {
  "model" : "home.indicador_area",
  "pk" : 41,
  "fields" : {
    "indicador" : 2,
    "area" : 27,
    "valor" : 0
  }
 },
 {
  "model" : "home.indicador_area",
  "pk" : 42,
  "fields" : {
    "indicador" : 2,
    "area" : 29,
    "valor" : 0
  }
 },
 {
  "model" : "home.indicador_area",
  "pk" : 43,
  "fields" : {
    "indicador" : 2,
    "area" : 33,
    "valor" : 0
  }
 },
 {
  "model" : "home.indicador_area",
  "pk" : 44,
  "fields" : {
    "indicador" : 3,
    "area" : 6,
    "valor" : 0
  }
 },
 {
  "model" : "home.indicador_area",
  "pk" : 45,
  "fields" : {
    "indicador" : 3,
    "area" : 7,
    "valor" : 0
  }
 },
 {
  "model" : "home.indicador_area",
  "pk" : 46,
  "fields" : {
    "indicador" : 3,
    "area" : 8,
    "valor" : 0
  }
 },
 {
  "model" : "home.indicador_area",
  "pk" : 47,
  "fields" : {
    "indicador" : 3,
    "area" : 10,
    "valor" : 0
  }
 },
 {
  "model" : "home.indicador_area",
  "pk" : 48,
  "fields" : {
    "indicador" : 3,
    "area" : 11,
    "valor" : 0
  }
 },
 {
  "model" : "home.indicador_area",
  "pk" : 49,
  "fields" : {
    "indicador" : 3,
    "area" : 12,
    "valor" : 0
  }
 },
 {
  "model" : "home.indicador_area",
  "pk" : 50,
  "fields" : {
    "indicador" : 3,
    "area" : 14,
    "valor" : 0
  }
 }
]